{
  "dependencies": {
    "appInsights1": {
      "type": "appInsights"
    },
    "secrets1": {
      "type": "secrets"
    },
    "mssql1": {
      "type": "mssql",
      "connectionId": "ConnectionStrings",
      "dynamicId": null
    },
    "mssql2": {
      "type": "mssql",
      "connectionId": "cloudDatabase",
      "dynamicId": null
    },
    "storage1": {
      "type": "storage",
      "connectionId": "DefaultEndpointsProtocol=https;AccountName=amcloudappdazwesa1;AccountKey=dOgGVaGvlTpVJjaIWvNxEUnj9oNADRVzaK60s5HJMTamMUETmLFrIjH02VvOdh93IifUYEQzR2/n+AStiuQEsA==;EndpointSuffix=core.windows.net",
      "dynamicId": null
    }
  }
}