{
  "dependencies": {
    "appInsights1": {
      "type": "appInsights.sdk"
    },
    "secrets1": {
      "type": "secrets.user"
    },
    "mssql1": {
      "secretStore": "LocalSecretsFile",
      "resourceId": "/subscriptions/[parameters('subscriptionId')]/resourceGroups/[parameters('resourceGroupName')]/providers/Microsoft.Sql/servers/assignmentcloudserver/databases/assignmentcloudDatabase",
      "type": "mssql.azure",
      "connectionId": "ConnectionStrings",
      "dynamicId": null
    },
    "mssql2": {
      "secretStore": "LocalSecretsFile",
      "resourceId": "/subscriptions/[parameters('subscriptionId')]/resourceGroups/[parameters('resourceGroupName')]/providers/Microsoft.Sql/servers/assignmentcloudserver/databases/assignmentcloudDatabase",
      "type": "mssql.azure",
      "connectionId": "cloudDatabase",
      "dynamicId": null
    },
    "storage1": {
      "secretStore": "LocalSecretsFile",
      "resourceId": "/subscriptions/[parameters('subscriptionId')]/resourceGroups/[parameters('resourceGroupName')]/providers/Microsoft.Storage/storageAccounts/amcloudappdazwesa1",
      "type": "storage.azure",
      "connectionId": "DefaultEndpointsProtocol=https;AccountName=amcloudappdazwesa1;AccountKey=dOgGVaGvlTpVJjaIWvNxEUnj9oNADRVzaK60s5HJMTamMUETmLFrIjH02VvOdh93IifUYEQzR2/n+AStiuQEsA==;EndpointSuffix=core.windows.net",
      "dynamicId": null
    }
  }
}